UserID,FirstName,LastName,Email,Tagline,Location,UserType,Team
0,Carl,Harry,CarlKHarry@cuvox.de,"Vivamus sagittis massa et turpis elementum, nec dictum augue sodales.","Santa Ana, CA",0,
1,Joseph,Weller,JosephMWeller@teleworm.us,Nam vel est a nibh dictum eleifend.,"Tacoma, WA",0,
2,Louann,Figueroa,LouannTFigueroa@superrito.com,Donec ac porta turpis.,"Indianapolis, IN",0,96
3,Marlene,Miller,MarleneBMiller@gustr.com,Donec quis tincidunt neque.,"Mchenry, ND",1,
4,Edna,Holley,EdnaJHolley@einrot.com,In hac habitasse platea dictumst.,"South Bend, IN",0,91
5,Marjorie,Roberts,MarjorieDRoberts@dayrep.com,Praesent eu hendrerit justo.,"Owatonna, MN",0,
6,Judy,Prosperie,JudyAProsperie@gustr.com,Etiam dignissim pharetra commodo.,"Queens, NY",0,3
7,Todd,Hagen,ToddAHagen@fleckens.hu,Sed sagittis sem non odio condimentum vulputate vel ut risus.,"Fort Washington, PA",0,
8,Eloise,Tovar,EloiseMTovar@rhyta.com,Vestibulum quis massa eros.,"Richmond, VA",0,
9,Christopher,Sanders,ChristopherVSanders@cuvox.de,Integer euismod in magna in auctor.,"Metropolis, IL",0,
10,Sharon,Edgar,SharonREdgar@jourrapide.com,Etiam malesuada rhoncus condimentum.,"Nashville, TN",0,
11,Joseph,Carter,JosephACarter@armyspy.com,Quisque consequat elementum malesuada.,"Capac, MI",1,
12,Steven,Duncan,StevenDDuncan@teleworm.us,Cras id diam tortor.,"Pittston, PA",0,
13,Michele,Edwards,MicheleMEdwards@superrito.com,Donec eget odio lectus.,"Braintree, MA",0,
14,Francisco,Nellis,FranciscoBNellis@rhyta.com,"Duis nisl nisl, rutrum ac interdum ut, egestas ac purus.","Lafayette, LA",0,65
15,Julie,Clawson,JulieRClawson@dayrep.com,Interdum et malesuada fames ac ante ipsum primis in faucibus.,"Boston, MA",0,3
16,Maria,Bennett,MariaKBennett@superrito.com,Donec feugiat lobortis sem sit amet fringilla.,"Fair Oaks, CA",0,
17,Elizabeth,Klein,ElizabethMKlein@jourrapide.com,"Pellentesque urna nibh, ornare quis volutpat at, scelerisque non enim.","Fort Myers, FL",0,
18,Louis,Lopp,LouisLLopp@teleworm.us,"Nulla mollis felis nibh, fermentum accumsan leo malesuada a.","Braddock, PA",0,11
19,Doreen,Parker,DoreenJParker@cuvox.de,"Nam rutrum ornare odio, a lobortis elit.","College Park, MD",0,3
20,Jesse,Miles,JesseLMiles@cuvox.de,Nam vel est a nibh dictum eleifend.,"Cincinnati, OH",0,
21,Kyle,Steele,KyleSSteele@jourrapide.com,Curabitur dapibus id orci et hendrerit.,"Los Angeles, CA",0,96
22,Jenifer,Russ,JeniferRRuss@teleworm.us,"Praesent elementum est ligula, vel cursus augue finibus eu.","Piedmont, OK",0,
23,Alice,Phelps,AliceRPhelps@rhyta.com,Nulla facilisi.,"Oakland, CA",0,61
24,Ethel,Tynes,EthelFTynes@cuvox.de,Cras aliquam suscipit tellus sit amet ornare.,"New York, NY",0,
25,Fannie,Lee,FannieJLee@fleckens.hu,Vestibulum volutpat pharetra purus quis aliquam.,"Lisbon, OH",0,
26,Irene,Gills,IreneEGills@gustr.com,"Aliquam mi felis, consequat ut justo vitae, bibendum maximus tellus.","Oakland, CA",0,61
27,Shannon,Campbell,ShannonECampbell@cuvox.de,Quisque consequat elementum malesuada.,"Fort Lauderdale, FL",0,
28,Todd,Lewis,ToddDLewis@teleworm.us,"Nam rutrum ornare odio, a lobortis elit.","West Palm Beach, FL",0,3
29,Frank,Jones,FrankBJones@armyspy.com,Donec eget odio lectus.,"Adrian, GA",0,
30,Eva,Flynn,EvaRFlynn@gustr.com,Duis vel sem quis diam cursus ornare.,"Brownsboro, TX",0,
31,Beverly,Pratt,BeverlyCPratt@armyspy.com,Nunc in elit ac arcu aliquam pharetra.,"Newport News, VA",0,
32,David,Taylor,DavidKTaylor@teleworm.us,Fusce ac lectus.,"Fremont, CA",0,
33,John,Kim,JohnKKim@teleworm.us,Interdum et malesuada fames ac ante ipsum primis in faucibus.,"Gulfport, MS",1,
34,John,Fernandez,JohnVFernandez@superrito.com,"Aliquam ac ornare ipsum, in mollis ipsum.","Casper, WY",0,96
35,Ceola,Godwin,CeolaHGodwin@teleworm.us,Quisque consequat elementum malesuada.,"Perrysville, OH",0,11
36,Alice,Lebaron,AliceLLebaron@teleworm.us,Phasellus aliquam pharetra mauris at consequat.,"Deridder, LA",1,
37,Ashley,Glasser,AshleyAGlasser@superrito.com,Donec aliquam nec odio convallis pellentesque.,"Brattleboro, VT",0,
38,John,Hennessy,JohnCHennessy@teleworm.us,"Nulla viverra mauris in justo tincidunt, quis cursus massa sagittis.","York, PA",0,
39,Dorothy,Ortiz,DorothyKOrtiz@teleworm.us,Donec eget odio lectus.,"Menomonee Falls, WI",0,61
40,Mary,Milam,MaryGMilam@fleckens.hu,"Etiam blandit, arcu ut pharetra molestie, tortor felis pulvinar purus, sit amet egestas justo dolor eget nibh.","Leitchfield, KY",0,
41,Sarah,Nemeth,SarahJNemeth@jourrapide.com,"Integer commodo tincidunt felis, id scelerisque ipsum pulvinar non.","Fairfield (Adams), PA",0,11
42,Delicia,Harris,DeliciaJHarris@teleworm.us,Nulla facilisi.,"Atlanta, GA",0,
43,Lucinda,Ramirez,LucindaKRamirez@superrito.com,Praesent a lacus vel velit ullamcorper venenatis.,"White City, OR",0,
44,Jovita,Peterson,JovitaFPeterson@rhyta.com,"Cras pellentesque leo risus, et volutpat orci mollis et.","New Orleans, LA",0,
45,Anthony,Harper,AnthonyCHarper@teleworm.us,"Sed ex mauris, maximus nec scelerisque eget, ultrices sit amet ex.","Hundred, WV",0,
46,Richard,Holiday,RichardVHoliday@superrito.com,"In maximus velit dui, venenatis iaculis tellus hendrerit eu.","Orlando, FL",0,
47,Christopher,Knight,ChristopherCKnight@superrito.com,Ut et lacus a elit sodales blandit.,"Syracuse, NY",0,
48,Megan,George,MeganPGeorge@einrot.com,Morbi scelerisque hendrerit pretium.,"Plymouth, MI",0,36
49,Michael,Pollock,MichaelMPollock@jourrapide.com,Vivamus accumsan sit amet nunc ut tincidunt.,"Atlanta, GA",0,3
50,Gregory,Skelton,GregoryMSkelton@superrito.com,Maecenas interdum porttitor urna ac dapibus.,"Pleasanton, CA",0,
51,Alyce,Stephens,AlyceMStephens@teleworm.us,Maecenas interdum porttitor urna ac dapibus.,"Englewood, NJ",0,
52,Terry,Cooper,TerryLCooper@fleckens.hu,Maecenas interdum varius imperdiet.,"Haines, OR",0,
53,Lori,Kaufman,LoriBKaufman@teleworm.us,Donec consequat arcu quis metus pharetra fringilla.,"Corpus Christi, TX",0,91
54,Thomas,Lambert,ThomasTLambert@teleworm.us,Morbi rhoncus metus et viverra eleifend.,"Shaw, MS",0,91
55,Ursula,Muniz,UrsulaHMuniz@fleckens.hu,"Cras pellentesque leo risus, et volutpat orci mollis et.","Oak Brook, IL",0,91
56,Raymond,Stevens,RaymondKStevens@armyspy.com,Donec quis tincidunt neque.,"Trenton, MI",0,
57,Arthur,Davis,ArthurSDavis@dayrep.com,Cras id diam tortor.,"Unadilla, GA",0,65
58,Joann,Frost,JoannMFrost@einrot.com,"In maximus velit dui, venenatis iaculis tellus hendrerit eu.","Binghamton, NY",0,65
59,Regina,Quiroz,ReginaJQuiroz@dayrep.com,"Proin convallis tincidunt velit, non consectetur elit ornare vel.","Phoenix, AZ",0,
60,Michael,Martinez,MichaelNMartinez@dayrep.com,Cras aliquam suscipit tellus sit amet ornare.,"Cambridge, MA",0,
61,Lonnie,Ahmed,LonnieDAhmed@armyspy.com,"Nulla mollis felis nibh, fermentum accumsan leo malesuada a.","Bellview, NM",1,
62,Francis,Craft,FrancisJCraft@rhyta.com,Nullam eu congue nulla.,"Tucson, AZ",0,
63,Gary,Collier,GaryGCollier@fleckens.hu,Cras aliquam suscipit tellus sit amet ornare.,"Point Hope, AK",0,3
64,Paula,Clark,PaulaCClark@fleckens.hu,"Lorem ipsum dolor sit amet, consectetur adipiscing elit.","Seattle, WA",0,
65,Marisol,McCoy,MarisolDMcCoy@gustr.com,Praesent eu hendrerit justo.,"Little Rock, AR",1,
66,Harry,Sheppard,HarryESheppard@einrot.com,"In maximus velit dui, venenatis iaculis tellus hendrerit eu.","Roswell, NM",0,
67,Phyllis,Richter,PhyllisDRichter@einrot.com,Donec aliquam nec odio convallis pellentesque.,"Dallas, TX",0,
68,Julie,Evans,JulieCEvans@dayrep.com,Maecenas faucibus eros ultrices leo fringilla gravida.,"Elk Grove Village, IL",0,
69,Jane,Salcedo,JaneCSalcedo@dayrep.com,Phasellus aliquam pharetra mauris at consequat.,"Longview, TX",0,
70,Marcia,Wheeler,MarciaEWheeler@armyspy.com,Proin vel tempus erat.,"Prescott, WA",0,61
71,Rose,Cortinas,RoseGCortinas@cuvox.de,"Nunc dui nulla, dignissim nec risus eu, pharetra faucibus tortor.","Cleo Springs, OK",0,
72,Dorothy,Edwards,DorothyAEdwards@fleckens.hu,"Quisque egestas sem ut tellus posuere, at fringilla quam feugiat.","Kalispell, MT",0,
73,Jake,Drew,JakeSDrew@jourrapide.com,Donec cursus sed mi pretium maximus.,"Rosenberg, TX",0,96
74,Jeffrey,Mahoney,JeffreyLMahoney@armyspy.com,Aliquam sed justo mauris.,"Waterloo, IA",0,
75,Assunta,Bronstein,AssuntaGBronstein@rhyta.com,Curabitur elementum convallis felis eu blandit.,"Tulsa, OK",0,
76,Brian,Coleman,BrianDColeman@gustr.com,"Integer luctus augue augue, scelerisque dignissim velit laoreet at.","Rhome, TX",0,
77,Britni,Tobin,BritniRTobin@gustr.com,"Lorem ipsum dolor sit amet, consectetur adipiscing elit.","Carlton, OR",0,
78,Cheryl,Brown,CherylJBrown@dayrep.com,"Fusce porta, lectus id sagittis placerat, mi lorem placerat diam, in condimentum tortor nunc eu risus.","Pawtucket, MA",0,
79,Rickey,Lease,RickeyLLease@superrito.com,"Pellentesque dolor ante, tincidunt eget dignissim non, efficitur at neque.","Newton, MA",0,
80,Eileen,Coleman,EileenDColeman@rhyta.com,Aenean auctor venenatis ante et tincidunt.,"Houston, TX",0,
81,Linda,Bourgeois,LindaSBourgeois@superrito.com,"Vestibulum rhoncus nisl vel dolor iaculis, feugiat finibus neque euismod.","Granada Hills, CA",0,3
82,Gabriel,Lee,GabrielLLee@fleckens.hu,"Quisque efficitur diam ornare, vestibulum tellus vel, finibus nibh.","Kansas City, MO",0,
83,Victoria,Jarmon,VictoriaMJarmon@rhyta.com,Maecenas interdum varius imperdiet.,"Bakersfield, CA",0,65
84,Wendy,Moore,WendyLMoore@superrito.com,"Class aptent taciti sociosqu ad litora torquent per conubia nostra, per inceptos himenaeos.","Heber Springs, AR",0,
85,Robert,Lewis,RobertLLewis@gustr.com,"In elit odio, dignissim et interdum in, ornare quis sem.","Clinton, SC",0,65
86,Jerry,Rice,JerryERice@superrito.com,Suspendisse potenti.,"Sharonville, OH",0,65
87,Nicholas,Condon,NicholasBCondon@fleckens.hu,Etiam elementum mattis tellus ac ultricies.,"Louisville, KY",0,
88,James,William,JamesDWilliam@dayrep.com,"In pharetra leo non nibh auctor, sit amet dictum lacus vestibulum.","Kingston, NY",0,
89,Chris,Coppola,ChrisNCoppola@rhyta.com,Aenean non luctus velit.,"Miller, SD",0,
90,Estella,Cadiz,EstellaSCadiz@rhyta.com,Etiam vitae sollicitudin urna.,"New York, NY",0,96
91,Rafael,Conner,RafaelRConner@gustr.com,Donec eget odio lectus.,"Boca Raton, FL",1,
92,Tiffany,Rivers,TiffanyFRivers@jourrapide.com,Ut et lacus a elit sodales blandit.,"Pensacola, FL",0,
93,Marilyn,Grove,MarilynPGrove@teleworm.us,"Vestibulum erat nunc, faucibus nec fermentum et, vestibulum sit amet orci.","Jackson, MS",0,
94,William,Carter,WilliamDCarter@dayrep.com,"Quisque pharetra est augue, et bibendum quam pulvinar ac.","Headland, AL",0,
95,Leisa,Brennan,LeisaWBrennan@gustr.com,Vestibulum volutpat pharetra purus quis aliquam.,"Athens, GA",0,
96,Brittney,Meneses,BrittneyLMeneses@fleckens.hu,Duis blandit sagittis facilisis.,"Georgetown, KY",1,
97,Joseph,Abney,JosephJAbney@cuvox.de,Interdum et malesuada fames ac ante ipsum primis in faucibus.,"Kansas City, MO",0,
98,Stephany,Kimble,StephanyLKimble@rhyta.com,Praesent eu hendrerit justo.,"Boston, MA",0,11
99,Debbie,Chew,DebbieAChew@rhyta.com,Vivamus accumsan sit amet nunc ut tincidunt.,"Wichita Falls, TX",0,
